<?xml version="1.0" encoding="UTF-8"?>
<project-private xmlns="http://www.netbeans.org/ns/project-private/1">
    <editor-bookmarks xmlns="http://www.netbeans.org/ns/editor-bookmarks/2" lastBookmarkId="0"/>
    <open-files xmlns="http://www.netbeans.org/ns/projectui-open-files/2">
        <group>
            <file>file:/C:/Users/DBA-Coullence/Documents/NetBeansProjects/PointOfSale/src/pointofsale/addStock.java</file>
            <file>file:/C:/Users/DBA-Coullence/Documents/NetBeansProjects/PointOfSale/src/pointofsale/NewJFrame.java</file>
            <file>file:/C:/Users/DBA-Coullence/Documents/NetBeansProjects/PointOfSale/src/pointofsale/search.java</file>
            <file>file:/C:/Users/DBA-Coullence/Documents/NetBeansProjects/PointOfSale/src/pointofsale/Home.java</file>
            <file>file:/C:/Users/DBA-Coullence/Documents/NetBeansProjects/PointOfSale/src/pointofsale/PointOfSale.java</file>
            <file>file:/C:/Users/DBA-Coullence/Documents/NetBeansProjects/PointOfSale/src/pointofsale/addSupplier.java</file>
            <file>file:/C:/Users/DBA-Coullence/Documents/NetBeansProjects/PointOfSale/src/pointofsale/SystemLogin.java</file>
            <file>file:/C:/Users/DBA-Coullence/Documents/NetBeansProjects/PointOfSale/src/pointofsale/removeStock.java</file>
            <file>file:/C:/Users/DBA-Coullence/Documents/NetBeansProjects/PointOfSale/src/pointofsale/App.java</file>
            <file>file:/C:/Users/DBA-Coullence/Documents/NetBeansProjects/PointOfSale/src/tab.java</file>
        </group>
    </open-files>
</project-private>
